data-rescaled\celeb-synthesis-144p\id12_id10_0002_144p.mp4,2.139466524,,1.836936441
data-rescaled\celeb-synthesis-144p\id12_id10_0004_144p.mp4,1.457154512,,
data-rescaled\celeb-synthesis-144p\id12_id7_0002_144p.mp4,2.454229593,,
data-rescaled\celeb-synthesis-144p\id12_id7_0004_144p.mp4,1.576435804,,
data-rescaled\celeb-synthesis-144p\id17_id0_0005_144p.mp4,1.378253698,,
data-rescaled\celeb-synthesis-144p\id17_id0_0006_144p.mp4,0.856779575,,
data-rescaled\celeb-synthesis-144p\id17_id0_0007_144p.mp4,1.176183462,,
data-rescaled\celeb-synthesis-144p\id17_id0_0009_144p.mp4,1.227931023,,
data-rescaled\celeb-synthesis-144p\id17_id16_0005_144p.mp4,1.350229263,,
data-rescaled\celeb-synthesis-144p\id17_id16_0006_144p.mp4,0.88180232,,
data-rescaled\celeb-synthesis-144p\id17_id16_0007_144p.mp4,1.211102486,,
data-rescaled\celeb-synthesis-144p\id17_id16_0009_144p.mp4,1.244132519,,
data-rescaled\celeb-synthesis-144p\id17_id1_0005_144p.mp4,1.331848145,,
data-rescaled\celeb-synthesis-144p\id17_id1_0006_144p.mp4,0.846660137,,
data-rescaled\celeb-synthesis-144p\id17_id1_0007_144p.mp4,1.165810585,,
data-rescaled\celeb-synthesis-144p\id19_id20_0009_144p.mp4,2.510284185,,
data-rescaled\celeb-synthesis-144p\id19_id21_0009_144p.mp4,2.722989321,,
data-rescaled\celeb-synthesis-144p\id19_id22_0009_144p.mp4,2.354148865,,
data-rescaled\celeb-synthesis-144p\id19_id23_0009_144p.mp4,2.26405549,,
data-rescaled\celeb-synthesis-144p\id19_id24_0009_144p.mp4,2.52429533,,
data-rescaled\celeb-synthesis-144p\id19_id25_0009_144p.mp4,2.392177105,,
data-rescaled\celeb-synthesis-144p\id19_id26_0009_144p.mp4,2.405350447,,
data-rescaled\celeb-synthesis-144p\id19_id27_0009_144p.mp4,2.395595074,,
data-rescaled\celeb-synthesis-144p\id19_id28_0009_144p.mp4,2.76540637,,
data-rescaled\celeb-synthesis-144p\id20_id0_0000_144p.mp4,1.306506157,,
data-rescaled\celeb-synthesis-144p\id20_id0_0001_144p.mp4,1.407283545,,
data-rescaled\celeb-synthesis-144p\id20_id16_0000_144p.mp4,1.25841403,,
data-rescaled\celeb-synthesis-144p\id20_id16_0001_144p.mp4,1.365216017,,
data-rescaled\celeb-synthesis-144p\id20_id17_0000_144p.mp4,1.29039526,,
data-rescaled\celeb-synthesis-144p\id20_id17_0001_144p.mp4,1.327693939,,
data-rescaled\celeb-synthesis-144p\id21_id0_0000_144p.mp4,0.972887039,,
data-rescaled\celeb-synthesis-144p\id21_id0_0002_144p.mp4,1.570937872,,
data-rescaled\celeb-synthesis-144p\id21_id0_0004_144p.mp4,1.982363224,,
data-rescaled\celeb-synthesis-144p\id21_id0_0005_144p.mp4,0.677616835,,
data-rescaled\celeb-synthesis-144p\id21_id0_0006_144p.mp4,3.301665068,,
data-rescaled\celeb-synthesis-144p\id21_id0_0007_144p.mp4,1.296418905,,
data-rescaled\celeb-synthesis-144p\id21_id16_0000_144p.mp4,0.941438437,,
data-rescaled\celeb-synthesis-144p\id21_id16_0001_144p.mp4,1.096482515,,
data-rescaled\celeb-synthesis-144p\id21_id16_0002_144p.mp4,1.552973509,,
data-rescaled\celeb-synthesis-144p\id21_id16_0004_144p.mp4,1.960594893,,
data-rescaled\celeb-synthesis-144p\id21_id16_0005_144p.mp4,0.663182497,,
data-rescaled\celeb-synthesis-144p\id21_id16_0006_144p.mp4,2.869403601,,
data-rescaled\celeb-synthesis-144p\id21_id16_0007_144p.mp4,1.255402803,,
data-rescaled\celeb-synthesis-144p\id21_id17_0000_144p.mp4,0.94384408,,
data-rescaled\celeb-synthesis-144p\id21_id17_0001_144p.mp4,1.133025169,,
data-rescaled\celeb-synthesis-144p\id22_id19_0001_144p.mp4,1.789196253,,
data-rescaled\celeb-synthesis-144p\id22_id19_0002_144p.mp4,1.223366022,,
data-rescaled\celeb-synthesis-144p\id22_id19_0004_144p.mp4,1.278164148,,
data-rescaled\celeb-synthesis-144p\id22_id19_0005_144p.mp4,1.458129406,,
data-rescaled\celeb-synthesis-144p\id22_id19_0006_144p.mp4,1.381082058,,
data-rescaled\celeb-synthesis-144p\id22_id19_0009_144p.mp4,1.342221022,,
data-rescaled\celeb-synthesis-144p\id22_id20_0001_144p.mp4,1.816354752,,
data-rescaled\celeb-synthesis-144p\id22_id20_0002_144p.mp4,1.28516984,,
data-rescaled\celeb-synthesis-144p\id22_id20_0004_144p.mp4,1.378381491,,
data-rescaled\celeb-synthesis-144p\id22_id20_0005_144p.mp4,1.594169378,,
data-rescaled\celeb-synthesis-144p\id22_id20_0006_144p.mp4,1.413006544,,
data-rescaled\celeb-synthesis-144p\id22_id21_0002_144p.mp4,1.250567675,,
data-rescaled\celeb-synthesis-144p\id22_id21_0004_144p.mp4,1.460329533,,
data-rescaled\celeb-synthesis-144p\id22_id21_0005_144p.mp4,1.621399164,,
data-rescaled\celeb-synthesis-144p\id22_id21_0006_144p.mp4,1.417802334,,
data-rescaled\celeb-synthesis-144p\id23_id0_0000_144p.mp4,1.361238003,,
data-rescaled\celeb-synthesis-144p\id23_id0_0001_144p.mp4,1.244870186,,
data-rescaled\celeb-synthesis-144p\id23_id0_0002_144p.mp4,1.323428154,,
data-rescaled\celeb-synthesis-144p\id23_id0_0003_144p.mp4,0.895660877,,
data-rescaled\celeb-synthesis-144p\id23_id0_0007_144p.mp4,1.377667427,,
data-rescaled\celeb-synthesis-144p\id23_id0_0008_144p.mp4,1.332881689,,
data-rescaled\celeb-synthesis-144p\id23_id16_0000_144p.mp4,1.352163315,,
data-rescaled\celeb-synthesis-144p\id23_id16_0001_144p.mp4,1.439310074,,
data-rescaled\celeb-synthesis-144p\id23_id16_0002_144p.mp4,1.269892216,,
data-rescaled\celeb-synthesis-144p\id23_id16_0003_144p.mp4,0.77433157,,
data-rescaled\celeb-synthesis-144p\id23_id16_0007_144p.mp4,1.267203331,,
data-rescaled\celeb-synthesis-144p\id23_id17_0000_144p.mp4,1.284136057,,
data-rescaled\celeb-synthesis-144p\id23_id17_0001_144p.mp4,1.249657869,,
data-rescaled\celeb-synthesis-144p\id23_id17_0002_144p.mp4,1.388557911,,
data-rescaled\celeb-synthesis-144p\id23_id17_0003_144p.mp4,0.767699003,,
data-rescaled\celeb-synthesis-144p\id24_id19_0000_144p.mp4,1.182828188,,
data-rescaled\celeb-synthesis-144p\id24_id19_0005_144p.mp4,3.07058692,,
data-rescaled\celeb-synthesis-144p\id24_id19_0009_144p.mp4,1.276886225,,
data-rescaled\celeb-synthesis-144p\id24_id20_0000_144p.mp4,1.211114883,,
data-rescaled\celeb-synthesis-144p\id24_id20_0005_144p.mp4,2.719812155,,
data-rescaled\celeb-synthesis-144p\id24_id20_0007_144p.mp4,1.22798562,,
data-rescaled\celeb-synthesis-144p\id24_id20_0008_144p.mp4,1.439968586,,
data-rescaled\celeb-synthesis-144p\id24_id20_0009_144p.mp4,1.374249458,,
data-rescaled\celeb-synthesis-144p\id24_id21_0000_144p.mp4,1.306193352,,
data-rescaled\celeb-synthesis-144p\id24_id21_0005_144p.mp4,2.751790524,,
data-rescaled\celeb-synthesis-144p\id24_id21_0007_144p.mp4,1.260939837,,
data-rescaled\celeb-synthesis-144p\id24_id21_0008_144p.mp4,1.33398366,,
data-rescaled\celeb-synthesis-144p\id24_id21_0009_144p.mp4,1.253143549,,
data-rescaled\celeb-synthesis-144p\id24_id22_0000_144p.mp4,1.193085432,,
data-rescaled\celeb-synthesis-144p\id24_id22_0001_144p.mp4,1.257541418,,
data-rescaled\celeb-synthesis-144p\id25_id19_0002_144p.mp4,1.36795783,,
data-rescaled\celeb-synthesis-144p\id25_id19_0003_144p.mp4,1.021560192,,
data-rescaled\celeb-synthesis-144p\id25_id19_0010_144p.mp4,1.390284538,,
data-rescaled\celeb-synthesis-144p\id25_id20_0002_144p.mp4,1.413387775,,
data-rescaled\celeb-synthesis-144p\id25_id20_0003_144p.mp4,1.01292038,,
data-rescaled\celeb-synthesis-144p\id25_id20_0010_144p.mp4,1.491689205,,
data-rescaled\celeb-synthesis-144p\id25_id21_0002_144p.mp4,1.402834415,,
data-rescaled\celeb-synthesis-144p\id25_id21_0003_144p.mp4,0.975602865,,
data-rescaled\celeb-synthesis-144p\id25_id21_0010_144p.mp4,1.632484198,,
data-rescaled\celeb-synthesis-144p\id25_id22_0002_144p.mp4,1.432884932,,
data-rescaled\celeb-synthesis-144p\id25_id22_0003_144p.mp4,1.008918285,,
data-rescaled\celeb-synthesis-144p\id25_id22_0004_144p.mp4,1.301912308,,
data-rescaled\celeb-synthesis-144p\id25_id22_0010_144p.mp4,1.424552679,,
data-rescaled\celeb-synthesis-144p\id25_id23_0000_144p.mp4,1.938479424,,
data-rescaled\celeb-synthesis-144p\id25_id23_0002_144p.mp4,1.35669136,,
data-rescaled\celeb-synthesis-144p\id26_id0_0000_144p.mp4,2.623700619,,
data-rescaled\celeb-synthesis-144p\id26_id0_0001_144p.mp4,1.256612062,,
data-rescaled\celeb-synthesis-144p\id26_id0_0003_144p.mp4,1.016584635,,
data-rescaled\celeb-synthesis-144p\id26_id0_0004_144p.mp4,2.830970764,,
data-rescaled\celeb-synthesis-144p\id26_id0_0006_144p.mp4,2.085026979,,
data-rescaled\celeb-synthesis-144p\id26_id0_0009_144p.mp4,2.682860374,,
data-rescaled\celeb-synthesis-144p\id26_id16_0000_144p.mp4,2.697445631,,
data-rescaled\celeb-synthesis-144p\id26_id16_0001_144p.mp4,1.285086393,,
data-rescaled\celeb-synthesis-144p\id26_id16_0003_144p.mp4,1.15405798,,
data-rescaled\celeb-synthesis-144p\id26_id16_0004_144p.mp4,3.107762098,,
data-rescaled\celeb-synthesis-144p\id26_id16_0006_144p.mp4,1.852553606,,
data-rescaled\celeb-synthesis-144p\id26_id16_0009_144p.mp4,2.832985878,,
data-rescaled\celeb-synthesis-144p\id26_id17_0000_144p.mp4,2.643293142,,
data-rescaled\celeb-synthesis-144p\id26_id17_0003_144p.mp4,0.985775948,,
data-rescaled\celeb-synthesis-144p\id26_id17_0004_144p.mp4,2.848995686,,
data-rescaled\celeb-synthesis-144p\id27_id19_0001_144p.mp4,1.186332464,,
data-rescaled\celeb-synthesis-144p\id27_id19_0002_144p.mp4,1.39431262,,
data-rescaled\celeb-synthesis-144p\id27_id19_0003_144p.mp4,1.188626051,,
data-rescaled\celeb-synthesis-144p\id27_id19_0004_144p.mp4,1.227004766,,
data-rescaled\celeb-synthesis-144p\id27_id19_0009_144p.mp4,1.739807367,,
data-rescaled\celeb-synthesis-144p\id27_id20_0000_144p.mp4,2.618327856,,
data-rescaled\celeb-synthesis-144p\id27_id20_0001_144p.mp4,1.135087967,,
data-rescaled\celeb-synthesis-144p\id27_id20_0002_144p.mp4,1.409282446,,
data-rescaled\celeb-synthesis-144p\id27_id20_0003_144p.mp4,1.346945047,,
data-rescaled\celeb-synthesis-144p\id27_id20_0004_144p.mp4,1.434934139,,
data-rescaled\celeb-synthesis-144p\id27_id20_0009_144p.mp4,1.795315027,,
data-rescaled\celeb-synthesis-144p\id27_id21_0000_144p.mp4,2.614475489,,
data-rescaled\celeb-synthesis-144p\id27_id21_0001_144p.mp4,1.179128408,,
data-rescaled\celeb-synthesis-144p\id27_id21_0002_144p.mp4,1.329675198,,
data-rescaled\celeb-synthesis-144p\id27_id21_0003_144p.mp4,1.148047924,,
data-rescaled\celeb-synthesis-144p\id28_id0_0000_144p.mp4,1.299205542,,
data-rescaled\celeb-synthesis-144p\id28_id0_0001_144p.mp4,1.345995188,,
data-rescaled\celeb-synthesis-144p\id28_id0_0002_144p.mp4,1.211165905,,
data-rescaled\celeb-synthesis-144p\id28_id0_0003_144p.mp4,2.681725025,,
data-rescaled\celeb-synthesis-144p\id28_id0_0004_144p.mp4,1.311892033,,
data-rescaled\celeb-synthesis-144p\id28_id0_0005_144p.mp4,1.3129673,,
data-rescaled\celeb-synthesis-144p\id28_id0_0006_144p.mp4,1.276755333,,
data-rescaled\celeb-synthesis-144p\id28_id0_0008_144p.mp4,1.3592453,,
data-rescaled\celeb-synthesis-144p\id28_id0_0009_144p.mp4,1.315614462,,
data-rescaled\celeb-synthesis-144p\id28_id16_0000_144p.mp4,1.276518822,,
data-rescaled\celeb-synthesis-144p\id28_id16_0001_144p.mp4,1.35579443,,
data-rescaled\celeb-synthesis-144p\id28_id16_0002_144p.mp4,1.243594885,,
data-rescaled\celeb-synthesis-144p\id28_id16_0003_144p.mp4,2.693491697,,
data-rescaled\celeb-synthesis-144p\id28_id16_0005_144p.mp4,1.309354067,,
data-rescaled\celeb-synthesis-144p\id28_id16_0006_144p.mp4,1.259862423,,
data-rescaled\celeb-synthesis-144p\id29_id20_0000_144p.mp4,1.705989599,,
data-rescaled\celeb-synthesis-144p\id29_id20_0004_144p.mp4,1.47786355,,
data-rescaled\celeb-synthesis-144p\id29_id20_0005_144p.mp4,1.847128868,,
data-rescaled\celeb-synthesis-144p\id29_id20_0006_144p.mp4,1.8885746,,
data-rescaled\celeb-synthesis-144p\id29_id20_0007_144p.mp4,1.189473152,,
data-rescaled\celeb-synthesis-144p\id29_id20_0008_144p.mp4,1.841657877,,
data-rescaled\celeb-synthesis-144p\id29_id21_0000_144p.mp4,1.999337196,,
data-rescaled\celeb-synthesis-144p\id29_id21_0003_144p.mp4,1.534131289,,
data-rescaled\celeb-synthesis-144p\id29_id21_0004_144p.mp4,1.494359732,,
data-rescaled\celeb-synthesis-144p\id29_id21_0005_144p.mp4,1.871908426,,
data-rescaled\celeb-synthesis-144p\id29_id21_0006_144p.mp4,1.952416897,,
data-rescaled\celeb-synthesis-144p\id29_id21_0008_144p.mp4,1.847804546,,
data-rescaled\celeb-synthesis-144p\id29_id23_0000_144p.mp4,1.693352222,,
data-rescaled\celeb-synthesis-144p\id29_id23_0002_144p.mp4,1.718436241,,
data-rescaled\celeb-synthesis-144p\id29_id23_0003_144p.mp4,1.42533946,,
data-rescaled\celeb-synthesis-144p\id2_id0_0008_144p.mp4,4.125329733,,
data-rescaled\celeb-synthesis-144p\id2_id16_0008_144p.mp4,4.257065773,,
data-rescaled\celeb-synthesis-144p\id2_id17_0008_144p.mp4,4.170624971,,
data-rescaled\celeb-synthesis-144p\id2_id1_0008_144p.mp4,4.169337511,,
data-rescaled\celeb-synthesis-144p\id2_id20_0008_144p.mp4,4.297739983,,
data-rescaled\celeb-synthesis-144p\id2_id21_0008_144p.mp4,4.144037485,,
data-rescaled\celeb-synthesis-144p\id2_id23_0008_144p.mp4,4.28179884,,
data-rescaled\celeb-synthesis-144p\id2_id26_0008_144p.mp4,4.314453363,,
data-rescaled\celeb-synthesis-144p\id2_id28_0008_144p.mp4,4.209098816,,
data-rescaled\celeb-synthesis-144p\id2_id30_0008_144p.mp4,4.112877607,,
data-rescaled\celeb-synthesis-144p\id2_id31_0008_144p.mp4,4.13508606,,
data-rescaled\celeb-synthesis-144p\id2_id35_0008_144p.mp4,4.220594168,,
data-rescaled\celeb-synthesis-144p\id2_id37_0008_144p.mp4,4.195116758,,
data-rescaled\celeb-synthesis-144p\id2_id3_0008_144p.mp4,4.189599276,,
data-rescaled\celeb-synthesis-144p\id2_id4_0008_144p.mp4,4.155247211,,
data-rescaled\celeb-synthesis-144p\id30_id16_0000_144p.mp4,2.038907051,,
data-rescaled\celeb-synthesis-144p\id30_id16_0001_144p.mp4,1.915743351,,
data-rescaled\celeb-synthesis-144p\id30_id16_0002_144p.mp4,2.080026627,,
data-rescaled\celeb-synthesis-144p\id30_id16_0003_144p.mp4,2.01245594,,
data-rescaled\celeb-synthesis-144p\id30_id16_0004_144p.mp4,1.829728603,,
data-rescaled\celeb-synthesis-144p\id30_id16_0005_144p.mp4,1.803359747,,
data-rescaled\celeb-synthesis-144p\id30_id16_0006_144p.mp4,1.417453527,,
data-rescaled\celeb-synthesis-144p\id30_id16_0007_144p.mp4,1.75976944,,
data-rescaled\celeb-synthesis-144p\id30_id16_0008_144p.mp4,1.92135191,,
data-rescaled\celeb-synthesis-144p\id30_id16_0009_144p.mp4,1.86334157,,
data-rescaled\celeb-synthesis-144p\id30_id17_0000_144p.mp4,1.953774214,,
data-rescaled\celeb-synthesis-144p\id30_id17_0001_144p.mp4,1.777617931,,
data-rescaled\celeb-synthesis-144p\id30_id17_0002_144p.mp4,1.788627148,,
data-rescaled\celeb-synthesis-144p\id30_id17_0003_144p.mp4,1.813650846,,
data-rescaled\celeb-synthesis-144p\id30_id17_0004_144p.mp4,1.617471457,,
data-rescaled\celeb-synthesis-144p\id31_id16_0000_144p.mp4,2.476253986,,
data-rescaled\celeb-synthesis-144p\id31_id16_0001_144p.mp4,1.437308073,,
data-rescaled\celeb-synthesis-144p\id31_id16_0002_144p.mp4,1.89572525,,
data-rescaled\celeb-synthesis-144p\id31_id16_0003_144p.mp4,1.958783865,,
data-rescaled\celeb-synthesis-144p\id31_id16_0004_144p.mp4,1.818370104,,
data-rescaled\celeb-synthesis-144p\id31_id16_0005_144p.mp4,1.421803236,,
data-rescaled\celeb-synthesis-144p\id31_id16_0006_144p.mp4,2.350992441,,
data-rescaled\celeb-synthesis-144p\id31_id16_0007_144p.mp4,2.169416904,,
data-rescaled\celeb-synthesis-144p\id31_id16_0009_144p.mp4,2.145377636,,
data-rescaled\celeb-synthesis-144p\id31_id17_0000_144p.mp4,2.306836843,,
data-rescaled\celeb-synthesis-144p\id31_id17_0001_144p.mp4,1.58614397,,
data-rescaled\celeb-synthesis-144p\id31_id17_0002_144p.mp4,2.291194201,,
data-rescaled\celeb-synthesis-144p\id31_id17_0003_144p.mp4,2.256425619,,
data-rescaled\celeb-synthesis-144p\id31_id17_0004_144p.mp4,2.11992836,,
data-rescaled\celeb-synthesis-144p\id31_id17_0005_144p.mp4,1.631711483,,
data-rescaled\celeb-synthesis-144p\id32_id20_0000_144p.mp4,2.090907335,,
data-rescaled\celeb-synthesis-144p\id32_id20_0002_144p.mp4,2.104361057,,
data-rescaled\celeb-synthesis-144p\id32_id20_0005_144p.mp4,3.510921001,,
data-rescaled\celeb-synthesis-144p\id32_id20_0007_144p.mp4,2.269777298,,
data-rescaled\celeb-synthesis-144p\id32_id20_0008_144p.mp4,2.070001125,,
data-rescaled\celeb-synthesis-144p\id32_id21_0000_144p.mp4,2.391745567,,
data-rescaled\celeb-synthesis-144p\id32_id21_0002_144p.mp4,2.017580032,,
data-rescaled\celeb-synthesis-144p\id32_id21_0007_144p.mp4,1.916908979,,
data-rescaled\celeb-synthesis-144p\id32_id21_0008_144p.mp4,2.060351372,,
data-rescaled\celeb-synthesis-144p\id32_id23_0000_144p.mp4,2.15959692,,
data-rescaled\celeb-synthesis-144p\id32_id23_0002_144p.mp4,2.038711548,,
data-rescaled\celeb-synthesis-144p\id32_id23_0006_144p.mp4,1.950289965,,
data-rescaled\celeb-synthesis-144p\id32_id23_0007_144p.mp4,2.033632278,,
data-rescaled\celeb-synthesis-144p\id32_id23_0008_144p.mp4,2.10341692,,
data-rescaled\celeb-synthesis-144p\id32_id23_0009_144p.mp4,2.059429407,,
data-rescaled\celeb-synthesis-144p\id33_id20_0001_144p.mp4,2.174979925,,
data-rescaled\celeb-synthesis-144p\id33_id20_0003_144p.mp4,2.042868614,,
data-rescaled\celeb-synthesis-144p\id33_id20_0004_144p.mp4,1.666366339,,
data-rescaled\celeb-synthesis-144p\id33_id20_0005_144p.mp4,1.528964758,,
data-rescaled\celeb-synthesis-144p\id33_id20_0007_144p.mp4,2.089186907,,
data-rescaled\celeb-synthesis-144p\id33_id20_0009_144p.mp4,1.871853352,,
data-rescaled\celeb-synthesis-144p\id33_id21_0001_144p.mp4,1.797152519,,
data-rescaled\celeb-synthesis-144p\id33_id21_0002_144p.mp4,1.838742018,,
data-rescaled\celeb-synthesis-144p\id33_id21_0004_144p.mp4,1.670404434,,
data-rescaled\celeb-synthesis-144p\id33_id21_0005_144p.mp4,1.500326633,,
data-rescaled\celeb-synthesis-144p\id33_id21_0007_144p.mp4,2.027808905,,
data-rescaled\celeb-synthesis-144p\id33_id21_0009_144p.mp4,1.898189068,,
data-rescaled\celeb-synthesis-144p\id33_id23_0001_144p.mp4,1.885564804,,
data-rescaled\celeb-synthesis-144p\id33_id23_0002_144p.mp4,1.85879612,,
data-rescaled\celeb-synthesis-144p\id33_id23_0003_144p.mp4,1.995815754,,
data-rescaled\celeb-synthesis-144p\id34_id20_0002_144p.mp4,1.321543217,,
data-rescaled\celeb-synthesis-144p\id34_id20_0003_144p.mp4,1.886880398,,
data-rescaled\celeb-synthesis-144p\id34_id20_0006_144p.mp4,1.731406212,,
data-rescaled\celeb-synthesis-144p\id34_id21_0002_144p.mp4,1.272157907,,
data-rescaled\celeb-synthesis-144p\id34_id21_0003_144p.mp4,1.836265326,,
data-rescaled\celeb-synthesis-144p\id34_id21_0005_144p.mp4,3.481049776,,
data-rescaled\celeb-synthesis-144p\id34_id21_0008_144p.mp4,2.079893351,,
data-rescaled\celeb-synthesis-144p\id34_id21_0009_144p.mp4,2.038247347,,
data-rescaled\celeb-synthesis-144p\id34_id23_0002_144p.mp4,1.291460752,,
data-rescaled\celeb-synthesis-144p\id34_id23_0003_144p.mp4,1.918686628,,
data-rescaled\celeb-synthesis-144p\id34_id23_0008_144p.mp4,2.076891422,,
data-rescaled\celeb-synthesis-144p\id34_id26_0002_144p.mp4,1.284689665,,
data-rescaled\celeb-synthesis-144p\id34_id26_0003_144p.mp4,1.944848776,,
data-rescaled\celeb-synthesis-144p\id34_id26_0005_144p.mp4,3.757418394,,
data-rescaled\celeb-synthesis-144p\id34_id26_0008_144p.mp4,2.186799526,,
data-rescaled\celeb-synthesis-144p\id35_id16_0000_144p.mp4,1.923927784,,
data-rescaled\celeb-synthesis-144p\id35_id16_0001_144p.mp4,2.079897165,,
data-rescaled\celeb-synthesis-144p\id35_id16_0002_144p.mp4,1.522412539,,
data-rescaled\celeb-synthesis-144p\id35_id16_0003_144p.mp4,3.597563744,,
data-rescaled\celeb-synthesis-144p\id35_id16_0004_144p.mp4,1.009919882,,
data-rescaled\celeb-synthesis-144p\id35_id16_0005_144p.mp4,1.188080072,,
data-rescaled\celeb-synthesis-144p\id35_id16_0006_144p.mp4,0.878800154,,
data-rescaled\celeb-synthesis-144p\id35_id16_0007_144p.mp4,1.563422441,,
data-rescaled\celeb-synthesis-144p\id35_id16_0008_144p.mp4,0.984895945,,
data-rescaled\celeb-synthesis-144p\id35_id16_0009_144p.mp4,1.319200993,,
data-rescaled\celeb-synthesis-144p\id35_id17_0000_144p.mp4,2.092163324,,
data-rescaled\celeb-synthesis-144p\id35_id17_0001_144p.mp4,2.128937483,,
data-rescaled\celeb-synthesis-144p\id35_id17_0002_144p.mp4,1.496363163,,
data-rescaled\celeb-synthesis-144p\id35_id17_0003_144p.mp4,3.645941734,,
data-rescaled\celeb-synthesis-144p\id35_id17_0006_144p.mp4,0.92460084,,
data-rescaled\celeb-synthesis-144p\id37_id16_0000_144p.mp4,1.96578908,,
data-rescaled\celeb-synthesis-144p\id37_id16_0001_144p.mp4,1.19308567,,
data-rescaled\celeb-synthesis-144p\id37_id16_0002_144p.mp4,2.327936888,,
data-rescaled\celeb-synthesis-144p\id37_id16_0003_144p.mp4,1.507534504,,
data-rescaled\celeb-synthesis-144p\id37_id16_0005_144p.mp4,1.789619207,,
data-rescaled\celeb-synthesis-144p\id37_id16_0006_144p.mp4,3.6067698,,
data-rescaled\celeb-synthesis-144p\id37_id16_0008_144p.mp4,1.935382605,,
data-rescaled\celeb-synthesis-144p\id37_id17_0000_144p.mp4,2.000181437,,
data-rescaled\celeb-synthesis-144p\id37_id17_0001_144p.mp4,1.19408679,,
data-rescaled\celeb-synthesis-144p\id37_id17_0002_144p.mp4,2.15858984,,
data-rescaled\celeb-synthesis-144p\id37_id17_0003_144p.mp4,1.472362757,,
data-rescaled\celeb-synthesis-144p\id37_id17_0005_144p.mp4,1.847184896,,
data-rescaled\celeb-synthesis-144p\id37_id17_0007_144p.mp4,1.844677687,,
data-rescaled\celeb-synthesis-144p\id37_id17_0009_144p.mp4,1.948773146,,
data-rescaled\celeb-synthesis-144p\id37_id1_0001_144p.mp4,1.211875916,,
data-rescaled\celeb-synthesis-144p\id38_id20_0000_144p.mp4,1.878296852,,
data-rescaled\celeb-synthesis-144p\id38_id20_0002_144p.mp4,1.189082623,,
data-rescaled\celeb-synthesis-144p\id38_id20_0005_144p.mp4,1.802639723,,
data-rescaled\celeb-synthesis-144p\id38_id21_0000_144p.mp4,1.82280612,,
data-rescaled\celeb-synthesis-144p\id38_id21_0001_144p.mp4,1.059134245,,
data-rescaled\celeb-synthesis-144p\id38_id21_0004_144p.mp4,1.815297842,,
data-rescaled\celeb-synthesis-144p\id38_id21_0005_144p.mp4,1.876704693,,
data-rescaled\celeb-synthesis-144p\id38_id21_0008_144p.mp4,1.983736277,,
data-rescaled\celeb-synthesis-144p\id38_id23_0000_144p.mp4,1.909427881,,
data-rescaled\celeb-synthesis-144p\id38_id23_0001_144p.mp4,1.021319628,,
data-rescaled\celeb-synthesis-144p\id38_id23_0002_144p.mp4,1.269160509,,
data-rescaled\celeb-synthesis-144p\id38_id23_0004_144p.mp4,1.807650566,,
data-rescaled\celeb-synthesis-144p\id38_id23_0005_144p.mp4,1.817653418,,
data-rescaled\celeb-synthesis-144p\id38_id23_0006_144p.mp4,1.84632659,,
data-rescaled\celeb-synthesis-144p\id38_id23_0007_144p.mp4,1.803484678,,
data-rescaled\celeb-synthesis-144p\id39_id40_0001_144p.mp4,2.587352991,,
data-rescaled\celeb-synthesis-144p\id39_id40_0002_144p.mp4,1.20209384,,
data-rescaled\celeb-synthesis-144p\id39_id40_0003_144p.mp4,1.227494478,,
data-rescaled\celeb-synthesis-144p\id39_id40_0004_144p.mp4,1.090317965,,
data-rescaled\celeb-synthesis-144p\id39_id40_0007_144p.mp4,1.302512646,,
data-rescaled\celeb-synthesis-144p\id39_id42_0001_144p.mp4,2.464242697,,
data-rescaled\celeb-synthesis-144p\id39_id42_0002_144p.mp4,1.19008255,,
data-rescaled\celeb-synthesis-144p\id39_id42_0003_144p.mp4,1.26273036,,
data-rescaled\celeb-synthesis-144p\id39_id42_0004_144p.mp4,1.074351072,,
data-rescaled\celeb-synthesis-144p\id39_id42_0006_144p.mp4,1.295659542,,
data-rescaled\celeb-synthesis-144p\id39_id42_0007_144p.mp4,1.30218482,,
data-rescaled\celeb-synthesis-144p\id39_id42_0008_144p.mp4,1.194086075,,
data-rescaled\celeb-synthesis-144p\id39_id43_0001_144p.mp4,2.520929337,,
data-rescaled\celeb-synthesis-144p\id39_id43_0002_144p.mp4,1.260252714,,
data-rescaled\celeb-synthesis-144p\id39_id43_0003_144p.mp4,1.286170959,,
data-rescaled\celeb-synthesis-144p\id3_id0_0009_144p.mp4,4.053171396,,
data-rescaled\celeb-synthesis-144p\id3_id16_0009_144p.mp4,3.916512489,,
data-rescaled\celeb-synthesis-144p\id3_id17_0009_144p.mp4,3.892369986,,
data-rescaled\celeb-synthesis-144p\id3_id1_0009_144p.mp4,4.136302948,,
data-rescaled\celeb-synthesis-144p\id3_id20_0009_144p.mp4,4.114098072,,
data-rescaled\celeb-synthesis-144p\id3_id23_0009_144p.mp4,3.857914209,,
data-rescaled\celeb-synthesis-144p\id3_id26_0009_144p.mp4,3.763604164,,
data-rescaled\celeb-synthesis-144p\id3_id28_0009_144p.mp4,3.883949995,,
data-rescaled\celeb-synthesis-144p\id3_id2_0009_144p.mp4,4.288376808,,
data-rescaled\celeb-synthesis-144p\id3_id30_0009_144p.mp4,3.847220659,,
data-rescaled\celeb-synthesis-144p\id3_id31_0009_144p.mp4,3.912770987,,
data-rescaled\celeb-synthesis-144p\id3_id35_0009_144p.mp4,3.919695139,,
data-rescaled\celeb-synthesis-144p\id3_id37_0009_144p.mp4,3.765235662,,
data-rescaled\celeb-synthesis-144p\id3_id6_0009_144p.mp4,3.736938715,,
data-rescaled\celeb-synthesis-144p\id3_id9_0009_144p.mp4,3.797653675,,
data-rescaled\celeb-synthesis-144p\id40_id39_0002_144p.mp4,2.031113863,,
data-rescaled\celeb-synthesis-144p\id40_id39_0003_144p.mp4,1.242325306,,
data-rescaled\celeb-synthesis-144p\id40_id39_0005_144p.mp4,1.290174246,,
data-rescaled\celeb-synthesis-144p\id40_id39_0006_144p.mp4,1.273157358,,
data-rescaled\celeb-synthesis-144p\id40_id39_0007_144p.mp4,1.298181295,,
data-rescaled\celeb-synthesis-144p\id40_id39_0008_144p.mp4,1.221902609,,
data-rescaled\celeb-synthesis-144p\id40_id39_0009_144p.mp4,1.225829601,,
data-rescaled\celeb-synthesis-144p\id40_id41_0002_144p.mp4,2.139947414,,
data-rescaled\celeb-synthesis-144p\id40_id41_0003_144p.mp4,1.234123468,,
data-rescaled\celeb-synthesis-144p\id40_id41_0004_144p.mp4,1.508914471,,
data-rescaled\celeb-synthesis-144p\id40_id41_0005_144p.mp4,1.274190426,,
data-rescaled\celeb-synthesis-144p\id40_id41_0006_144p.mp4,1.231330872,,
data-rescaled\celeb-synthesis-144p\id40_id41_0007_144p.mp4,1.289313078,,
data-rescaled\celeb-synthesis-144p\id40_id41_0008_144p.mp4,1.206097841,,
data-rescaled\celeb-synthesis-144p\id40_id41_0009_144p.mp4,1.275160074,,
data-rescaled\celeb-synthesis-144p\id41_id40_0000_144p.mp4,1.627480984,,
data-rescaled\celeb-synthesis-144p\id41_id40_0002_144p.mp4,1.296927691,,
data-rescaled\celeb-synthesis-144p\id41_id40_0003_144p.mp4,1.290221453,,
data-rescaled\celeb-synthesis-144p\id41_id40_0004_144p.mp4,1.266583204,,
data-rescaled\celeb-synthesis-144p\id41_id40_0005_144p.mp4,1.077980757,,
data-rescaled\celeb-synthesis-144p\id41_id40_0006_144p.mp4,1.288172007,,
data-rescaled\celeb-synthesis-144p\id41_id40_0007_144p.mp4,1.306188583,,
data-rescaled\celeb-synthesis-144p\id41_id40_0008_144p.mp4,2.6375916,,
data-rescaled\celeb-synthesis-144p\id41_id40_0009_144p.mp4,1.73388195,,
data-rescaled\celeb-synthesis-144p\id41_id42_0001_144p.mp4,2.329772234,,
data-rescaled\celeb-synthesis-144p\id41_id42_0002_144p.mp4,1.34523654,,
data-rescaled\celeb-synthesis-144p\id41_id42_0003_144p.mp4,1.326208115,,
data-rescaled\celeb-synthesis-144p\id41_id42_0004_144p.mp4,1.345827103,,
data-rescaled\celeb-synthesis-144p\id41_id42_0006_144p.mp4,1.306952238,,
data-rescaled\celeb-synthesis-144p\id41_id42_0007_144p.mp4,1.359236956,,
data-rescaled\celeb-synthesis-144p\id42_id39_0000_144p.mp4,1.381983995,,
data-rescaled\celeb-synthesis-144p\id42_id39_0002_144p.mp4,1.340847254,,
data-rescaled\celeb-synthesis-144p\id42_id39_0003_144p.mp4,1.220012426,,
data-rescaled\celeb-synthesis-144p\id42_id40_0000_144p.mp4,1.398091316,,
data-rescaled\celeb-synthesis-144p\id42_id40_0002_144p.mp4,1.247428894,,
data-rescaled\celeb-synthesis-144p\id42_id40_0003_144p.mp4,1.224113941,,
data-rescaled\celeb-synthesis-144p\id42_id41_0000_144p.mp4,1.402776957,,
data-rescaled\celeb-synthesis-144p\id42_id41_0002_144p.mp4,1.304304123,,
data-rescaled\celeb-synthesis-144p\id42_id41_0003_144p.mp4,1.241127014,,
data-rescaled\celeb-synthesis-144p\id42_id43_0000_144p.mp4,1.437308311,,
data-rescaled\celeb-synthesis-144p\id42_id43_0002_144p.mp4,1.222622156,,
data-rescaled\celeb-synthesis-144p\id42_id43_0003_144p.mp4,1.24834013,,
data-rescaled\celeb-synthesis-144p\id42_id44_0000_144p.mp4,1.340132236,,
data-rescaled\celeb-synthesis-144p\id42_id44_0002_144p.mp4,1.263669729,,
data-rescaled\celeb-synthesis-144p\id42_id44_0003_144p.mp4,1.196088314,,
data-rescaled\celeb-synthesis-144p\id43_id39_0000_144p.mp4,1.260146618,,
data-rescaled\celeb-synthesis-144p\id43_id39_0002_144p.mp4,1.293710232,,
data-rescaled\celeb-synthesis-144p\id43_id39_0003_144p.mp4,1.939756155,,
data-rescaled\celeb-synthesis-144p\id43_id39_0005_144p.mp4,1.313999176,,
data-rescaled\celeb-synthesis-144p\id43_id39_0006_144p.mp4,1.226115465,,
data-rescaled\celeb-synthesis-144p\id43_id39_0008_144p.mp4,1.249136686,,
data-rescaled\celeb-synthesis-144p\id43_id40_0000_144p.mp4,1.238126516,,
data-rescaled\celeb-synthesis-144p\id43_id40_0002_144p.mp4,1.292564392,,
data-rescaled\celeb-synthesis-144p\id43_id40_0003_144p.mp4,1.918298483,,
data-rescaled\celeb-synthesis-144p\id43_id40_0005_144p.mp4,1.320148706,,
data-rescaled\celeb-synthesis-144p\id43_id40_0006_144p.mp4,1.304229736,,
data-rescaled\celeb-synthesis-144p\id43_id40_0008_144p.mp4,1.237126112,,
data-rescaled\celeb-synthesis-144p\id43_id41_0000_144p.mp4,1.261147499,,
data-rescaled\celeb-synthesis-144p\id43_id41_0002_144p.mp4,1.34322238,,
data-rescaled\celeb-synthesis-144p\id43_id41_0003_144p.mp4,1.936470509,,
data-rescaled\celeb-synthesis-144p\id44_id39_0001_144p.mp4,1.196003199,,
data-rescaled\celeb-synthesis-144p\id44_id39_0002_144p.mp4,1.232120752,,
data-rescaled\celeb-synthesis-144p\id44_id39_0004_144p.mp4,1.287171364,,
data-rescaled\celeb-synthesis-144p\id44_id40_0002_144p.mp4,1.229118109,,
data-rescaled\celeb-synthesis-144p\id44_id41_0001_144p.mp4,1.224578142,,
data-rescaled\celeb-synthesis-144p\id44_id41_0002_144p.mp4,1.243201017,,
data-rescaled\celeb-synthesis-144p\id44_id41_0005_144p.mp4,1.322909117,,
data-rescaled\celeb-synthesis-144p\id44_id42_0001_144p.mp4,1.347227573,,
data-rescaled\celeb-synthesis-144p\id44_id42_0002_144p.mp4,1.311192751,,
data-rescaled\celeb-synthesis-144p\id44_id42_0004_144p.mp4,1.391264915,,
data-rescaled\celeb-synthesis-144p\id44_id42_0005_144p.mp4,1.377867222,,
data-rescaled\celeb-synthesis-144p\id44_id43_0001_144p.mp4,1.249750137,,
data-rescaled\celeb-synthesis-144p\id44_id43_0002_144p.mp4,1.248135805,,
data-rescaled\celeb-synthesis-144p\id44_id43_0004_144p.mp4,1.295178652,,
data-rescaled\celeb-synthesis-144p\id44_id43_0005_144p.mp4,1.371247768,,
data-rescaled\celeb-synthesis-144p\id45_id39_0000_144p.mp4,2.227304459,,
data-rescaled\celeb-synthesis-144p\id45_id39_0001_144p.mp4,1.028075933,,
data-rescaled\celeb-synthesis-144p\id45_id39_0002_144p.mp4,1.555721283,,
data-rescaled\celeb-synthesis-144p\id45_id39_0003_144p.mp4,1.278162956,,
data-rescaled\celeb-synthesis-144p\id45_id39_0004_144p.mp4,1.291174889,,
data-rescaled\celeb-synthesis-144p\id45_id39_0005_144p.mp4,1.305187702,,
data-rescaled\celeb-synthesis-144p\id45_id39_0006_144p.mp4,1.270679474,,
data-rescaled\celeb-synthesis-144p\id45_id39_0007_144p.mp4,1.29349494,,
data-rescaled\celeb-synthesis-144p\id45_id39_0008_144p.mp4,1.270926237,,
data-rescaled\celeb-synthesis-144p\id45_id39_0009_144p.mp4,1.302184582,,
data-rescaled\celeb-synthesis-144p\id45_id40_0000_144p.mp4,2.115925789,,
data-rescaled\celeb-synthesis-144p\id45_id40_0001_144p.mp4,1.031143665,,
data-rescaled\celeb-synthesis-144p\id45_id40_0002_144p.mp4,1.534254551,,
data-rescaled\celeb-synthesis-144p\id45_id40_0003_144p.mp4,1.22120285,,
data-rescaled\celeb-synthesis-144p\id45_id40_0004_144p.mp4,1.232120275,,
data-rescaled\celeb-synthesis-144p\id46_id39_0000_144p.mp4,1.315197229,,
data-rescaled\celeb-synthesis-144p\id46_id39_0001_144p.mp4,2.473228931,,
data-rescaled\celeb-synthesis-144p\id46_id41_0000_144p.mp4,1.327583075,,
data-rescaled\celeb-synthesis-144p\id46_id41_0001_144p.mp4,2.444224119,,
data-rescaled\celeb-synthesis-144p\id46_id42_0000_144p.mp4,1.314195871,,
data-rescaled\celeb-synthesis-144p\id46_id42_0001_144p.mp4,2.359274387,,
data-rescaled\celeb-synthesis-144p\id46_id43_0000_144p.mp4,1.358711958,,
data-rescaled\celeb-synthesis-144p\id46_id43_0001_144p.mp4,2.591357231,,
data-rescaled\celeb-synthesis-144p\id46_id44_0000_144p.mp4,1.348227501,,
data-rescaled\celeb-synthesis-144p\id46_id44_0001_144p.mp4,2.594568968,,
data-rescaled\celeb-synthesis-144p\id46_id45_0000_144p.mp4,1.292221546,,
data-rescaled\celeb-synthesis-144p\id46_id45_0001_144p.mp4,2.509283304,,
data-rescaled\celeb-synthesis-144p\id46_id47_0000_144p.mp4,1.404277325,,
data-rescaled\celeb-synthesis-144p\id46_id47_0001_144p.mp4,2.56260705,,
data-rescaled\celeb-synthesis-144p\id46_id48_0000_144p.mp4,1.341219664,,
data-rescaled\celeb-synthesis-144p\id47_id39_0001_144p.mp4,1.265151262,,
data-rescaled\celeb-synthesis-144p\id47_id39_0002_144p.mp4,2.506855488,,
data-rescaled\celeb-synthesis-144p\id47_id39_0008_144p.mp4,2.664907694,,
data-rescaled\celeb-synthesis-144p\id47_id39_0009_144p.mp4,1.358236074,,
data-rescaled\celeb-synthesis-144p\id47_id40_0001_144p.mp4,1.224113226,,
data-rescaled\celeb-synthesis-144p\id47_id40_0008_144p.mp4,2.625389338,,
data-rescaled\celeb-synthesis-144p\id47_id40_0009_144p.mp4,1.346857548,,
data-rescaled\celeb-synthesis-144p\id47_id41_0001_144p.mp4,1.251862764,,
data-rescaled\celeb-synthesis-144p\id47_id41_0002_144p.mp4,2.557327509,,
data-rescaled\celeb-synthesis-144p\id47_id41_0008_144p.mp4,2.817697763,,
data-rescaled\celeb-synthesis-144p\id47_id41_0009_144p.mp4,1.86857295,,
data-rescaled\celeb-synthesis-144p\id47_id42_0001_144p.mp4,1.448158979,,
data-rescaled\celeb-synthesis-144p\id47_id42_0002_144p.mp4,3.049521208,,
data-rescaled\celeb-synthesis-144p\id47_id42_0008_144p.mp4,3.101821423,,
data-rescaled\celeb-synthesis-144p\id47_id42_0009_144p.mp4,1.482350111,,
data-rescaled\celeb-synthesis-144p\id48_id39_0000_144p.mp4,1.432302952,,
data-rescaled\celeb-synthesis-144p\id48_id39_0001_144p.mp4,1.335525274,,
data-rescaled\celeb-synthesis-144p\id48_id39_0002_144p.mp4,1.303885937,,
data-rescaled\celeb-synthesis-144p\id48_id39_0003_144p.mp4,1.495752573,,
data-rescaled\celeb-synthesis-144p\id48_id39_0004_144p.mp4,1.3462255,,
data-rescaled\celeb-synthesis-144p\id48_id39_0005_144p.mp4,1.377252579,,
data-rescaled\celeb-synthesis-144p\id48_id39_0009_144p.mp4,1.438308954,,
data-rescaled\celeb-synthesis-144p\id48_id40_0000_144p.mp4,1.401276588,,
data-rescaled\celeb-synthesis-144p\id48_id40_0001_144p.mp4,1.329802036,,
data-rescaled\celeb-synthesis-144p\id48_id40_0002_144p.mp4,1.355275393,,
data-rescaled\celeb-synthesis-144p\id48_id40_0003_144p.mp4,1.38425684,,
data-rescaled\celeb-synthesis-144p\id48_id40_0004_144p.mp4,1.356234312,,
data-rescaled\celeb-synthesis-144p\id48_id40_0005_144p.mp4,1.356233835,,
data-rescaled\celeb-synthesis-144p\id48_id40_0009_144p.mp4,1.374851227,,
data-rescaled\celeb-synthesis-144p\id48_id41_0001_144p.mp4,1.293493509,,
data-rescaled\celeb-synthesis-144p\id49_id50_0000_144p.mp4,1.173066854,,
data-rescaled\celeb-synthesis-144p\id49_id50_0001_144p.mp4,2.009827852,,
data-rescaled\celeb-synthesis-144p\id49_id50_0002_144p.mp4,1.844197512,,
data-rescaled\celeb-synthesis-144p\id49_id50_0003_144p.mp4,1.624493122,,
data-rescaled\celeb-synthesis-144p\id49_id50_0004_144p.mp4,1.745088577,,
data-rescaled\celeb-synthesis-144p\id49_id50_0005_144p.mp4,2.322112322,,
data-rescaled\celeb-synthesis-144p\id49_id50_0006_144p.mp4,1.514379263,,
data-rescaled\celeb-synthesis-144p\id49_id50_0007_144p.mp4,1.656107187,,
data-rescaled\celeb-synthesis-144p\id49_id50_0008_144p.mp4,2.31949687,,
data-rescaled\celeb-synthesis-144p\id49_id50_0009_144p.mp4,2.163969517,,
data-rescaled\celeb-synthesis-144p\id49_id51_0000_144p.mp4,1.190083981,,
data-rescaled\celeb-synthesis-144p\id49_id51_0001_144p.mp4,1.90468955,,
data-rescaled\celeb-synthesis-144p\id49_id51_0002_144p.mp4,1.79720068,,
data-rescaled\celeb-synthesis-144p\id49_id51_0003_144p.mp4,1.597361565,,
data-rescaled\celeb-synthesis-144p\id49_id51_0004_144p.mp4,1.740582466,,
data-rescaled\celeb-synthesis-144p\id50_id49_0000_144p.mp4,1.196089983,,
data-rescaled\celeb-synthesis-144p\id50_id49_0001_144p.mp4,1.63113904,,
data-rescaled\celeb-synthesis-144p\id50_id49_0002_144p.mp4,3.957388401,,
data-rescaled\celeb-synthesis-144p\id50_id49_0003_144p.mp4,1.967790842,,
data-rescaled\celeb-synthesis-144p\id50_id49_0004_144p.mp4,1.93939209,,
data-rescaled\celeb-synthesis-144p\id50_id49_0005_144p.mp4,2.049823046,,
data-rescaled\celeb-synthesis-144p\id50_id49_0006_144p.mp4,2.014044523,,
data-rescaled\celeb-synthesis-144p\id50_id49_0007_144p.mp4,2.012830496,,
data-rescaled\celeb-synthesis-144p\id50_id49_0009_144p.mp4,1.993814945,,
data-rescaled\celeb-synthesis-144p\id50_id51_0000_144p.mp4,1.176506519,,
data-rescaled\celeb-synthesis-144p\id50_id51_0001_144p.mp4,1.632208347,,
data-rescaled\celeb-synthesis-144p\id50_id51_0002_144p.mp4,4.000639439,,
data-rescaled\celeb-synthesis-144p\id50_id51_0003_144p.mp4,1.963788271,,
data-rescaled\celeb-synthesis-144p\id50_id51_0004_144p.mp4,1.982257605,,
data-rescaled\celeb-synthesis-144p\id50_id51_0005_144p.mp4,2.022895098,,
data-rescaled\celeb-synthesis-144p\id51_id49_0000_144p.mp4,1.825660706,,
data-rescaled\celeb-synthesis-144p\id51_id49_0001_144p.mp4,1.742585659,,
data-rescaled\celeb-synthesis-144p\id51_id49_0002_144p.mp4,1.349987507,,
data-rescaled\celeb-synthesis-144p\id51_id49_0004_144p.mp4,1.871692419,,
data-rescaled\celeb-synthesis-144p\id51_id49_0005_144p.mp4,1.600457191,,
data-rescaled\celeb-synthesis-144p\id51_id49_0006_144p.mp4,1.918745995,,
data-rescaled\celeb-synthesis-144p\id51_id49_0007_144p.mp4,1.909460545,,
data-rescaled\celeb-synthesis-144p\id51_id49_0008_144p.mp4,1.917114973,,
data-rescaled\celeb-synthesis-144p\id51_id50_0000_144p.mp4,2.125188112,,
data-rescaled\celeb-synthesis-144p\id51_id50_0001_144p.mp4,1.912739515,,
data-rescaled\celeb-synthesis-144p\id51_id50_0002_144p.mp4,1.450319529,,
data-rescaled\celeb-synthesis-144p\id51_id50_0004_144p.mp4,1.96178627,,
data-rescaled\celeb-synthesis-144p\id51_id50_0005_144p.mp4,1.662968159,,
data-rescaled\celeb-synthesis-144p\id51_id50_0006_144p.mp4,2.086070538,,
data-rescaled\celeb-synthesis-144p\id51_id50_0007_144p.mp4,1.946770906,,
data-rescaled\celeb-synthesis-144p\id52_id49_0000_144p.mp4,3.269975901,,
data-rescaled\celeb-synthesis-144p\id52_id49_0001_144p.mp4,1.982564926,,
data-rescaled\celeb-synthesis-144p\id52_id49_0002_144p.mp4,2.267866373,,
data-rescaled\celeb-synthesis-144p\id52_id49_0003_144p.mp4,1.952775955,,
data-rescaled\celeb-synthesis-144p\id52_id49_0004_144p.mp4,2.119061232,,
data-rescaled\celeb-synthesis-144p\id52_id49_0005_144p.mp4,1.924240828,,
data-rescaled\celeb-synthesis-144p\id52_id49_0006_144p.mp4,1.893723488,,
data-rescaled\celeb-synthesis-144p\id52_id49_0007_144p.mp4,2.06287694,,
data-rescaled\celeb-synthesis-144p\id52_id49_0008_144p.mp4,2.320014954,,
data-rescaled\celeb-synthesis-144p\id52_id49_0009_144p.mp4,1.373943329,,
data-rescaled\celeb-synthesis-144p\id52_id50_0000_144p.mp4,3.603279114,,
data-rescaled\celeb-synthesis-144p\id52_id50_0001_144p.mp4,2.067722321,,
data-rescaled\celeb-synthesis-144p\id52_id50_0002_144p.mp4,2.30184269,,
data-rescaled\celeb-synthesis-144p\id52_id50_0003_144p.mp4,2.012393713,,
data-rescaled\celeb-synthesis-144p\id52_id50_0004_144p.mp4,2.118929148,,
data-rescaled\celeb-synthesis-144p\id53_id49_0000_144p.mp4,2.008293867,,
data-rescaled\celeb-synthesis-144p\id53_id49_0001_144p.mp4,1.321977615,,
data-rescaled\celeb-synthesis-144p\id53_id49_0002_144p.mp4,1.738595009,,
data-rescaled\celeb-synthesis-144p\id53_id49_0003_144p.mp4,4.128755808,,
data-rescaled\celeb-synthesis-144p\id53_id49_0004_144p.mp4,1.945317268,,
data-rescaled\celeb-synthesis-144p\id53_id49_0005_144p.mp4,1.97038722,,
data-rescaled\celeb-synthesis-144p\id53_id49_0006_144p.mp4,2.029846907,,
data-rescaled\celeb-synthesis-144p\id53_id49_0008_144p.mp4,1.887718201,,
data-rescaled\celeb-synthesis-144p\id53_id49_0009_144p.mp4,1.911739349,,
data-rescaled\celeb-synthesis-144p\id53_id50_0000_144p.mp4,1.997731924,,
data-rescaled\celeb-synthesis-144p\id53_id50_0001_144p.mp4,1.404532671,,
data-rescaled\celeb-synthesis-144p\id53_id50_0002_144p.mp4,1.703549623,,
data-rescaled\celeb-synthesis-144p\id53_id50_0003_144p.mp4,4.01057148,,
data-rescaled\celeb-synthesis-144p\id53_id50_0004_144p.mp4,2.034622431,,
data-rescaled\celeb-synthesis-144p\id53_id50_0005_144p.mp4,1.997813463,,
data-rescaled\celeb-synthesis-144p\id54_id49_0000_144p.mp4,1.991812468,,
data-rescaled\celeb-synthesis-144p\id54_id49_0001_144p.mp4,2.443908691,,
data-rescaled\celeb-synthesis-144p\id54_id49_0002_144p.mp4,1.884032249,,
data-rescaled\celeb-synthesis-144p\id54_id49_0003_144p.mp4,1.286170483,,
data-rescaled\celeb-synthesis-144p\id54_id49_0004_144p.mp4,2.672431946,,
data-rescaled\celeb-synthesis-144p\id54_id49_0005_144p.mp4,1.089428425,,
data-rescaled\celeb-synthesis-144p\id54_id49_0006_144p.mp4,1.827940464,,
data-rescaled\celeb-synthesis-144p\id54_id49_0007_144p.mp4,4.667968988,,
data-rescaled\celeb-synthesis-144p\id54_id49_0008_144p.mp4,1.477143526,,
data-rescaled\celeb-synthesis-144p\id54_id49_0009_144p.mp4,1.922925711,,
data-rescaled\celeb-synthesis-144p\id54_id50_0001_144p.mp4,2.482258558,,
data-rescaled\celeb-synthesis-144p\id54_id50_0002_144p.mp4,1.883714437,,
data-rescaled\celeb-synthesis-144p\id54_id50_0003_144p.mp4,1.337859392,,
data-rescaled\celeb-synthesis-144p\id54_id50_0004_144p.mp4,2.672608852,,
data-rescaled\celeb-synthesis-144p\id54_id50_0005_144p.mp4,1.093995094,,
data-rescaled\celeb-synthesis-144p\id55_id49_0000_144p.mp4,1.847681284,,
data-rescaled\celeb-synthesis-144p\id55_id49_0002_144p.mp4,1.71356082,,
data-rescaled\celeb-synthesis-144p\id55_id49_0003_144p.mp4,1.973336697,,
data-rescaled\celeb-synthesis-144p\id55_id49_0006_144p.mp4,1.062397242,,
data-rescaled\celeb-synthesis-144p\id55_id49_0007_144p.mp4,2.0338521,,
data-rescaled\celeb-synthesis-144p\id55_id49_0008_144p.mp4,1.79262948,,
data-rescaled\celeb-synthesis-144p\id55_id49_0009_144p.mp4,2.535035849,,
data-rescaled\celeb-synthesis-144p\id55_id50_0000_144p.mp4,1.909717321,,
data-rescaled\celeb-synthesis-144p\id55_id50_0001_144p.mp4,2.772522449,,
data-rescaled\celeb-synthesis-144p\id55_id50_0002_144p.mp4,1.747589827,,
data-rescaled\celeb-synthesis-144p\id55_id50_0003_144p.mp4,1.960381269,,
data-rescaled\celeb-synthesis-144p\id55_id50_0004_144p.mp4,2.245897532,,
data-rescaled\celeb-synthesis-144p\id55_id50_0005_144p.mp4,1.876708746,,
data-rescaled\celeb-synthesis-144p\id55_id50_0006_144p.mp4,1.076980591,,
data-rescaled\celeb-synthesis-144p\id55_id50_0007_144p.mp4,1.972851038,,
data-rescaled\celeb-synthesis-144p\id56_id49_0000_144p.mp4,1.931453705,,
data-rescaled\celeb-synthesis-144p\id56_id49_0001_144p.mp4,1.926129341,,
data-rescaled\celeb-synthesis-144p\id56_id49_0002_144p.mp4,1.509373426,,
data-rescaled\celeb-synthesis-144p\id56_id49_0003_144p.mp4,1.870702028,,
data-rescaled\celeb-synthesis-144p\id56_id49_0005_144p.mp4,2.013738871,,
data-rescaled\celeb-synthesis-144p\id56_id49_0006_144p.mp4,1.13583684,,
data-rescaled\celeb-synthesis-144p\id56_id49_0007_144p.mp4,0.989901066,,
data-rescaled\celeb-synthesis-144p\id56_id49_0008_144p.mp4,1.466333389,,
data-rescaled\celeb-synthesis-144p\id56_id49_0009_144p.mp4,1.215106249,,
data-rescaled\celeb-synthesis-144p\id56_id50_0000_144p.mp4,1.894749403,,
data-rescaled\celeb-synthesis-144p\id56_id50_0001_144p.mp4,2.062471151,,
data-rescaled\celeb-synthesis-144p\id56_id50_0002_144p.mp4,1.57343173,,
data-rescaled\celeb-synthesis-144p\id56_id50_0003_144p.mp4,1.887719154,,
data-rescaled\celeb-synthesis-144p\id56_id50_0005_144p.mp4,2.027415514,,
data-rescaled\celeb-synthesis-144p\id56_id50_0006_144p.mp4,1.137844563,,
data-rescaled\celeb-synthesis-144p\id57_id49_0000_144p.mp4,2.646588564,,
data-rescaled\celeb-synthesis-144p\id57_id49_0002_144p.mp4,1.327207565,,
data-rescaled\celeb-synthesis-144p\id57_id49_0007_144p.mp4,1.866699457,,
data-rescaled\celeb-synthesis-144p\id57_id50_0000_144p.mp4,2.62564826,,
data-rescaled\celeb-synthesis-144p\id57_id50_0002_144p.mp4,1.350800276,,
data-rescaled\celeb-synthesis-144p\id57_id50_0004_144p.mp4,2.499201775,,
data-rescaled\celeb-synthesis-144p\id57_id50_0005_144p.mp4,1.99581337,,
data-rescaled\celeb-synthesis-144p\id57_id50_0006_144p.mp4,1.880088091,,
data-rescaled\celeb-synthesis-144p\id57_id50_0007_144p.mp4,1.840934038,,
data-rescaled\celeb-synthesis-144p\id57_id50_0008_144p.mp4,1.844259262,,
data-rescaled\celeb-synthesis-144p\id57_id51_0000_144p.mp4,2.723478794,,
data-rescaled\celeb-synthesis-144p\id57_id51_0002_144p.mp4,1.286169529,,
data-rescaled\celeb-synthesis-144p\id57_id51_0003_144p.mp4,1.943903685,,
data-rescaled\celeb-synthesis-144p\id57_id51_0004_144p.mp4,2.373120308,,
data-rescaled\celeb-synthesis-144p\id57_id51_0005_144p.mp4,2.026844263,,
data-rescaled\celeb-synthesis-144p\id58_id49_0002_144p.mp4,2.013832569,,
data-rescaled\celeb-synthesis-144p\id58_id49_0003_144p.mp4,2.85084939,,
data-rescaled\celeb-synthesis-144p\id58_id49_0004_144p.mp4,1.960716963,,
data-rescaled\celeb-synthesis-144p\id58_id49_0005_144p.mp4,1.966075182,,
data-rescaled\celeb-synthesis-144p\id58_id49_0006_144p.mp4,1.954778433,,
data-rescaled\celeb-synthesis-144p\id58_id49_0007_144p.mp4,1.478061438,,
data-rescaled\celeb-synthesis-144p\id58_id49_0008_144p.mp4,1.644975662,,
data-rescaled\celeb-synthesis-144p\id58_id51_0001_144p.mp4,1.88222456,,
data-rescaled\celeb-synthesis-144p\id58_id51_0002_144p.mp4,2.038855553,,
data-rescaled\celeb-synthesis-144p\id58_id51_0003_144p.mp4,2.862944841,,
data-rescaled\celeb-synthesis-144p\id58_id51_0004_144p.mp4,1.938009024,,
data-rescaled\celeb-synthesis-144p\id58_id51_0005_144p.mp4,1.928010702,,
data-rescaled\celeb-synthesis-144p\id58_id51_0006_144p.mp4,1.874702215,,
data-rescaled\celeb-synthesis-144p\id58_id51_0007_144p.mp4,1.526387691,,
data-rescaled\celeb-synthesis-144p\id58_id51_0008_144p.mp4,1.797057867,,
data-rescaled\celeb-synthesis-144p\id59_id5_0000_144p.mp4,2.591607809,,
data-rescaled\celeb-synthesis-144p\id59_id5_0001_144p.mp4,1.052958488,,
data-rescaled\celeb-synthesis-144p\id59_id5_0002_144p.mp4,3.371661901,,
data-rescaled\celeb-synthesis-144p\id59_id5_0004_144p.mp4,1.716124058,,
data-rescaled\celeb-synthesis-144p\id59_id5_0005_144p.mp4,1.392268181,,
data-rescaled\celeb-synthesis-144p\id59_id5_0006_144p.mp4,2.144950867,,
data-rescaled\celeb-synthesis-144p\id59_id5_0007_144p.mp4,1.628481388,,
data-rescaled\celeb-synthesis-144p\id59_id5_0008_144p.mp4,2.417709351,,
data-rescaled\celeb-synthesis-144p\id59_id60_0000_144p.mp4,2.356050253,,
data-rescaled\celeb-synthesis-144p\id59_id60_0001_144p.mp4,1.009918928,,
data-rescaled\celeb-synthesis-144p\id59_id60_0004_144p.mp4,1.599455833,,
data-rescaled\celeb-synthesis-144p\id59_id60_0005_144p.mp4,1.315196514,,
data-rescaled\celeb-synthesis-144p\id59_id60_0006_144p.mp4,1.961940765,,
data-rescaled\celeb-synthesis-144p\id59_id60_0007_144p.mp4,1.43743372,,
data-rescaled\celeb-synthesis-144p\id59_id60_0008_144p.mp4,1.938764811,,
data-rescaled\celeb-synthesis-144p\id60_id59_0000_144p.mp4,1.972795486,,
data-rescaled\celeb-synthesis-144p\id60_id59_0001_144p.mp4,1.317951441,,
data-rescaled\celeb-synthesis-144p\id60_id59_0002_144p.mp4,1.408665419,,
data-rescaled\celeb-synthesis-144p\id60_id59_0003_144p.mp4,1.861019135,,
data-rescaled\celeb-synthesis-144p\id60_id59_0004_144p.mp4,1.426297903,,
data-rescaled\celeb-synthesis-144p\id60_id59_0005_144p.mp4,1.852687359,,
data-rescaled\celeb-synthesis-144p\id60_id59_0006_144p.mp4,1.710006714,,
data-rescaled\celeb-synthesis-144p\id60_id59_0007_144p.mp4,2.033877134,,
data-rescaled\celeb-synthesis-144p\id60_id59_0008_144p.mp4,1.065301657,,
data-rescaled\celeb-synthesis-144p\id60_id59_0009_144p.mp4,2.015837193,,
data-rescaled\celeb-synthesis-144p\id60_id5_0000_144p.mp4,2.123929739,,
data-rescaled\celeb-synthesis-144p\id60_id5_0001_144p.mp4,1.385506868,,
data-rescaled\celeb-synthesis-144p\id60_id5_0002_144p.mp4,1.392259598,,
data-rescaled\celeb-synthesis-144p\id60_id5_0003_144p.mp4,1.795632362,,
data-rescaled\celeb-synthesis-144p\id60_id5_0004_144p.mp4,1.525390148,,
data-rescaled\celeb-synthesis-144p\id61_id59_0000_144p.mp4,1.747727394,,
data-rescaled\celeb-synthesis-144p\id61_id59_0002_144p.mp4,1.954218149,,
data-rescaled\celeb-synthesis-144p\id61_id59_0005_144p.mp4,2.544315815,,
data-rescaled\celeb-synthesis-144p\id61_id59_0006_144p.mp4,1.997818232,,
data-rescaled\celeb-synthesis-144p\id61_id59_0009_144p.mp4,1.97350049,,
data-rescaled\celeb-synthesis-144p\id61_id5_0000_144p.mp4,1.80816555,,
data-rescaled\celeb-synthesis-144p\id61_id5_0002_144p.mp4,1.913741589,,
data-rescaled\celeb-synthesis-144p\id61_id5_0005_144p.mp4,2.439702511,,
data-rescaled\celeb-synthesis-144p\id61_id5_0006_144p.mp4,1.912072182,,
data-rescaled\celeb-synthesis-144p\id61_id5_0009_144p.mp4,1.890720606,,
data-rescaled\celeb-synthesis-144p\id61_id60_0000_144p.mp4,1.708554506,,
data-rescaled\celeb-synthesis-144p\id61_id60_0002_144p.mp4,1.940793514,,
data-rescaled\celeb-synthesis-144p\id61_id60_0005_144p.mp4,2.443864822,,
data-rescaled\celeb-synthesis-144p\id61_id60_0006_144p.mp4,1.978803635,,
data-rescaled\celeb-synthesis-144p\id61_id60_0009_144p.mp4,2.268061876,,
